{"WidgetInstances":"[{\"Title\":\"WidgetName instance\",\"SiteId\":\"{SiteId}\",\"WidgetName\":\"WidgetName\",\"WidgetInstanceId\":\"745560f4-2a1c-e5e6-8915-36047a8cf645\",\"WidgetProperties\":\"{\\\"widgetframework\\\":\\\"react\\\",\\\"mycustomprop\\\":\\\"testvalue\\\",\\\"footerlistname\\\":\\\"FooterDemo_AK\\\",\\\"displaytemplateurl\\\":\\\"/Style%20Library/DigitalWorkPlace/Content/Templates/WidgetName/default.html\\\"}\",\"WidgetDescription\":\"WidgetName instance description\",\"WidgetIcon\":\"/Images/widget-icons/GenericList.png\",\"WidgetOptions\":\"{\\\"hiddenfields\\\":[],\\\"availableviews\\\":[\\\"/Style%20Library/DigitalWorkPlace/Content/Templates/WidgetName/default.html\\\"],\\\"availablechoicefields\\\":[]}\"}]"}