{"WidgetName":"WidgetName","WidgetCompatibleVersion":"4.5.0.0","WidgetVersion":"","WidgetDefinition":"{\"Title\":\"WidgetName\",\"WidgetName\":\"WidgetName\",\"WidgetClass\":\"Akumina.AddIn.WidgetName\",\"WidgetIcon\":\"\",\"WidgetDescription\":\"\",\"WidgetProperties\":\"[{\\\"name\\\":\\\"widgetframework\\\",\\\"friendlyname\\\":\\\"widgetframework\\\",\\\"value\\\":\\\"react\\\",\\\"type\\\":\\\"string\\\"},{\\\"name\\\":\\\"mycustomprop\\\",\\\"friendlyname\\\":\\\"mycustomprop\\\",\\\"value\\\":\\\"testvalue\\\",\\\"type\\\":\\\"string\\\"},{\\\"name\\\":\\\"footerlistname\\\",\\\"friendlyname\\\":\\\"footer list name\\\",\\\"value\\\":\\\"\\\",\\\"type\\\":\\\"string\\\"},{\\\"name\\\":\\\"displaytemplateurl\\\",\\\"friendlyname\\\":\\\"displaytemplateurl\\\",\\\"value\\\":\\\"\\\",\\\"type\\\":\\\"string\\\"}]\",\"WidgetViews\":null,\"IsSystemShipped\":true,\"IsModified\":false,\"WidgetJS\":\"[{\\\"Name\\\":\\\"Default\\\",\\\"WidgetFileUrl\\\":\\\"/Style%20Library/DigitalWorkPlace/JS/widgets/WidgetName.js\\\"}]\",\"WidgetCSS\":\"\",\"WidgetVersion\":\"\",\"WidgetContentTypes\":\"[]\"}"}